<monitor>
	<name>PostgreSQLMonitor</name>
	<type>managed</type>
	<description>Monitors Postgres PgStat Activity</description>
	<monitor-configuration>
	</monitor-configuration>
	<monitor-run-task>
		<execution-style>periodic</execution-style>
		<execution-frequency-in-seconds>60</execution-frequency-in-seconds>
		<name>Postgres Monitor Run Task</name>
		<display-name>Postgres PgStat Activity Monitor Task</display-name>
		<description>Postgres PgStat Activity Monitor Task</description>
		<type>java</type>
		<execution-timeout-in-secs>60</execution-timeout-in-secs>
		<task-arguments>
			<argument name="config-file" is-required="true" default-value="monitors/PostgreSQLMonitor/config.yml" />
			<argument name="metric-file" is-required="true" default-value="monitors/PostgreSQLMonitor/metrics.xml" />
		</task-arguments>
		<java-task>
			<classpath>postgresql-monitoring-extension.jar</classpath>
			<impl-class>com.appdynamics.monitors.postgres.PostgreSQLMonitor</impl-class>
		</java-task>
	</monitor-run-task>
</monitor>